{
  "name": "S.V.Mermug",
  "mmsi": "338543654",
  "uscg_number": "1024168",
  "hull_number": "BEY57004E494",
  "signalk": {
    "host": "192.168.8.50",
    "port": "3000",
    "protocol": "http",
    "token": "eyJhbGciOiJIUzI1NiIsInR5cCI6IkpXVCJ9.eyJkZXZpY2UiOiJpMmMtc2Vuc29ycy0yNjFkZDVhNCIsImlhdCI6MTc1ODY0MTU3NCwiZXhwIjoxNzkwMTk5MTc0fQ.6EHOPfv7V9e6UYedwTngc2Ac2Ppqj5YaaQwiERPXS9c"
  },
  "sensors": {
    "heading_correction_offset_rad": -0.17819619282334553,
    "bno055_calibration": {
      "accel_offset_x": 0,
      "accel_offset_y": 0,
      "accel_offset_z": 0,
      "accel_radius": 65309,
      "gyro_offset_x": 226,
      "gyro_offset_y": 376,
      "gyro_offset_z": 2,
      "mag_offset_x": -13,
      "mag_offset_y": -6,
      "mag_offset_z": 1000,
      "mag_radius": 724
    },
    "sgp30_calibration": {
      "temperature_celsius": 25.0,
      "relative_humidity_percent": 50.0,
      "tvoc_baseline_ppb": 8.41304347826087,
      "eco2_baseline_ppm": 408.5869565217391,
      "calibration_timestamp": "2025-10-10T21:07:35.358742"
    },
    "imu_leveling": {
      "roll_offset_degrees": 321.75,
      "pitch_offset_degrees": 0.06100682593856655,
      "yaw_offset_degrees": 178.96736348122866,
      "sample_count": 293,
      "leveling_timestamp": 1760154870.5613978
    },
    "bno055_zero_state": {
      "roll": 0.8185579197615845,
      "pitch": -0.020111021127469025,
      "roll_std": 0.001622455145624402,
      "pitch_std": 0.012052958634704684,
      "sample_count": 291,
      "timestamp": 1760759410.3140075
    },
    "bno055_yaw_offset": {
      "offset": 3.0428518912442133,
      "signalk_heading": 6.187280704868497,
      "bno055_yaw": -3.1387564935553023,
      "timestamp": 1760759461.238132
    }
  }
}
