{
  "declination": 0.22229546356479407,
  "timestamp": "2025-10-11T02:06:25.339451+00:00",
  "declination_degrees": 12.736591867166867
}