{
  "declination": 0.22227643239636496,
  "timestamp": "2025-10-15T14:30:03.602646+00:00",
  "declination_degrees": 12.735501461536675
}