{
  "declination": 0.22228603466511931,
  "timestamp": "2025-10-13T23:48:23.082368+00:00",
  "declination_degrees": 12.736051631010051
}